days_since_last_login,subscription_age_months,monthly_watch_hours,customer_support_tickets,watchlist_size,avg_completion_rate,preferred_content_imdb,preferred_content_meta,has_no_watchlist,is_new_subscriber,churn
16,20,26.785994814251318,4,21,0.9530164594130114,7.317290245142224,81.66934799345665,0,0,1
16,34,45.914019683075914,4,21,0.7202290212823039,8.08658671160933,74.34668580857674,0,0,0
26,25,18.709200926665936,1,39,0.8507476973875971,8.388772362384794,81.93710686005716,0,0,1
11,24,100.70749727147079,0,37,0.7598377207959268,8.53690616683294,87.36031853466638,0,0,0
26,33,103.17027312822788,0,36,0.42435463604870016,7.085571381727904,84.1094175438605,0,0,0
42,23,52.720450149163256,0,17,0.27787529853201715,7.515174282920837,79.16903764368277,0,0,1
28,23,95.85170677938643,1,27,0.6217580495207728,9.333341554357252,71.39257177322116,0,0,0
26,23,12.515979191878372,0,3,0.8116508483550672,8.315922269734317,75.57219813481514,0,0,1
28,8,90.29367483405966,4,41,0.28529378936048905,7.3653738223920415,81.28517416921673,0,0,1
32,4,109.3701445015007,4,14,0.7799960246887438,7.395753198553406,80.49121478207732,0,0,1
14,7,45.540862749559494,1,30,0.3873027680075697,8.78559865266279,67.35748735492439,0,0,0
31,8,7.551245333484688,1,33,0.5285896271101128,7.541043872097183,87.46412682149428,0,0,1
28,20,69.85075017689672,4,9,0.5920266954667058,8.988160888515592,75.55607948975745,0,0,1
51,30,49.887464615078784,3,27,0.7921969691565692,8.73943593702791,78.53743793110736,0,0,1
2,12,92.65438670613035,1,5,0.2728210322227101,9.358123195259063,81.54023795709577,0,0,0
4,13,87.94803593199006,0,6,0.7535705354758946,7.555947764723327,87.15067199689302,0,0,0
10,20,50.825057642559656,0,4,0.5206486019031329,8.485757146844623,72.53684689834897,0,0,0
15,31,31.94738254981058,2,15,0.891453751126476,7.758642488051753,84.21545863830349,0,0,0
18,22,31.380252747753936,3,43,0.6658606135539936,9.286308821353872,73.44732201496159,0,0,1
32,35,13.053416160959168,3,28,0.7904694600380142,7.545071211250012,70.57694210457093,0,0,1
3,18,7.978048078690792,2,16,0.14764234201193643,7.416939584694664,77.35968722596154,0,0,0
52,23,112.06614665180948,4,40,0.10001047127982954,8.145118400190135,70.2081580837145,0,0,1
47,2,66.4624274945834,0,49,0.5473107539391241,8.621733955027963,75.19148131060724,0,1,1
16,32,75.8974685929346,1,10,0.13936206329197254,8.914977223921106,69.45848934517097,0,0,0
7,1,42.15646569162879,1,22,0.39311632185755796,9.570836405898184,66.1029250525347,0,1,0
22,10,18.687450016711225,4,11,0.5351948657113321,7.442076729336067,78.9276394277746,0,0,1
26,25,113.48066286552722,1,46,0.7093844063052799,8.576526136208669,75.68681533173434,0,0,0
56,2,40.02016675240908,3,26,0.37249084685568257,9.46137223344257,73.15438657178592,0,1,1
48,3,67.30243679321677,0,36,0.7895413914245002,8.324407814806023,72.29089089876932,0,0,1
34,27,57.005063202327825,2,43,0.9214745165912159,9.035844052598922,66.35117848413596,0,0,1
4,26,9.484541446114832,2,26,0.24402244281687466,7.898109289110912,72.22506357943357,0,0,0
16,15,57.448048184959134,2,43,0.5628109945722505,7.527808637737408,83.55461294854933,0,0,0
1,29,90.32743889410838,3,34,0.885738832313683,8.698136435979201,83.03258105331005,0,0,0
14,27,51.87218398598895,2,46,0.7880750151892458,9.077802233001725,74.44790340627624,0,0,0
32,31,97.950844289872,0,0,0.6056774108285666,8.069736686846685,84.08453221866182,1,0,1
33,8,101.24670077713172,4,44,0.12031172488213938,8.926853359745907,69.51372536250942,0,0,1
35,5,71.52663844637296,3,19,0.7305503467550065,9.066003099410972,75.80830530623508,0,0,1
21,6,18.873125176569093,0,11,0.28570034656521326,7.828737001512148,71.58598754979602,0,0,1
44,22,106.13820975386761,1,25,0.5337954259595804,7.715807538763573,81.36993752091576,0,0,1
13,19,44.47668124241155,1,39,0.6032963185916124,7.329769855107121,83.17312369379623,0,0,0
25,13,112.36175244076928,1,33,0.21270702306587208,7.638245390208182,82.59560213554437,0,0,0
26,35,118.36334870236023,3,6,0.4052982685526054,8.516716402735517,74.2752731099348,0,0,0
24,27,92.34481710244857,1,8,0.7383665144266912,7.771529770637604,81.31830823182743,0,0,0
27,5,100.081865198044,1,39,0.6250526152895084,8.354578328774462,62.37640169273799,0,0,0
9,17,76.89985437861539,2,18,0.7117343007191506,9.777148619012657,80.22326390767651,0,0,0
50,31,108.96402344227431,1,38,0.2691132299185749,7.050815507267082,88.71659911980784,0,0,1
49,19,40.50035548791745,4,11,0.4145557348781369,7.432704211600975,78.9487378149281,0,0,1
54,16,8.832167935543472,4,35,0.20652600506616822,8.161075841468435,77.72639165038173,0,0,1
19,1,5.615133699835627,4,1,0.2257485102810587,7.718648149215454,78.64403484996184,0,1,1
48,13,55.66200338539439,3,36,0.9207636257796699,7.8816051275136765,81.15323444976718,0,0,1
42,9,99.51390681839096,1,1,0.1732139025777098,7.075957829251338,75.96268112811723,0,0,1
8,25,84.29557636862953,0,0,0.29410763715794547,8.255203450852674,82.15562926140936,1,0,0
8,35,26.21991722598339,1,27,0.43202227561279516,9.622483856750643,72.75481980221811,0,0,0
7,32,43.19142702021069,0,32,0.7651239020091628,8.114357930400152,76.86758955095755,0,0,0
54,32,64.66092150048709,0,48,0.1584030223980834,8.376991491772149,69.88755315609968,0,0,1
27,29,111.4350539029663,3,26,0.48733727472171395,8.599470574937808,83.35331688096234,0,0,0
36,18,107.5652966532345,4,18,0.9189488294689528,7.995232424964445,82.48389123533752,0,0,1
12,15,52.775486869861,2,41,0.39209869875783354,9.150041538599181,77.807096462021,0,0,0
54,30,48.48158852555684,3,24,0.11654752793643756,8.141836210708458,82.72276318943103,0,0,1
12,26,93.60143042350883,3,42,0.9474191674605403,9.66365196253098,75.1042943622973,0,0,0
30,21,14.109512250962643,0,4,0.11750324533127306,8.624557613185502,67.62101922350018,0,0,1
30,30,41.22619282332413,1,43,0.9242094155087144,7.104026879648422,77.94479117695094,0,0,1
19,3,34.173449995410955,1,27,0.6143257226845096,8.225972233782342,86.84169727152502,0,0,0
19,33,63.18214024674922,2,29,0.5493726514128927,8.95404283037957,73.84807255245006,0,0,0
35,28,35.02058051700753,1,47,0.8511146112300649,8.120239897600412,82.04748447001094,0,0,1
26,13,58.82794123694337,0,27,0.784518078209754,8.777628409618702,67.93029146921309,0,0,1
51,2,69.02773269660193,1,44,0.7925436398727432,7.517721498365212,77.98976638185633,0,1,1
3,34,67.53457441970092,4,44,0.7605189270583316,8.350828356998184,83.31808879975085,0,0,0
12,7,12.547006626011488,0,5,0.43465017631485214,8.516158113663955,77.65607746671436,0,0,0
41,13,41.610482545641254,4,36,0.9916413027607945,8.821139915796566,65.73630428420692,0,0,1
3,3,108.17642921093118,2,39,0.556345993478897,7.586786487443416,83.4483112555413,0,0,0
12,22,86.48578052930237,0,21,0.6588239659907293,8.520539076364207,75.8860593753226,0,0,0
28,31,99.24200381939602,0,8,0.3556525501363861,6.984362752215917,80.98263470003498,0,0,0
3,24,47.74860323089297,2,47,0.4983893634343898,9.564373925270456,73.59477017639128,0,0,0
4,24,114.78663104109292,2,3,0.31749302873726665,7.701539096001555,80.67709460942191,0,0,0
11,9,22.3202596028797,0,34,0.7565692797787946,9.32738890713833,73.8198948212278,0,0,0
52,19,61.69795064375757,4,4,0.36388969452825815,9.402461460889288,68.0166976539324,0,0,1
4,10,38.318718129894684,0,5,0.7842953992637239,7.22896088045281,83.14463432030776,0,0,0
24,10,92.28233566321353,3,35,0.9206066011435943,8.99771049269402,69.21215522492395,0,0,0
50,27,73.16865820007125,0,17,0.2548774292073638,7.878522123604336,88.09692988480106,0,0,1
34,1,114.64133112894092,1,16,0.38316601804167894,8.254479914614066,85.29695208163926,0,1,1
4,33,5.334847550885705,2,40,0.3558594601859134,8.64459446682584,91.3496139070232,0,0,0
11,30,24.937963458896803,0,2,0.5720602506132292,7.935228412889919,82.74880945275432,0,0,0
8,7,25.768378790159602,2,21,0.7778686023220626,8.947262371226929,65.4125213292962,0,0,0
54,14,81.1186812942718,1,23,0.8015975819157356,8.832064046919987,72.467028192551,0,0,1
37,33,100.2049354355727,3,43,0.9687266473516928,8.40519931656832,82.24382017253886,0,0,1
55,1,40.87816233753812,1,14,0.5560053840844712,9.197070030038091,72.89872699251956,0,1,1
21,24,61.83443143378449,2,11,0.4016872426337855,9.072908587281008,69.80059551744633,0,0,0
10,35,119.26148987421014,2,43,0.5861955401007567,8.235373322294201,87.7440654823581,0,0,0
22,24,43.437406650046995,1,37,0.2888577953707685,8.840781517492184,80.53278730882174,0,0,1
20,33,89.66842612532614,3,46,0.73650708608,8.693263681546334,74.69253981194221,0,0,0
38,19,95.10267279760951,0,12,0.7857009049397355,7.720041988582279,87.68252058365243,0,0,1
36,2,51.972391861975495,1,4,0.844620899343531,7.911998830530733,78.63703745894402,0,1,1
46,1,49.83532058827757,2,11,0.8940327004853629,8.20902857453624,78.17747138960381,0,1,1
56,9,92.40063767064133,1,22,0.658334126911349,7.029831253439302,76.03103316764988,0,0,1
39,31,44.994976350622025,1,26,0.18259984582405825,9.17616244651372,75.79444879973427,0,0,1
54,17,63.94626483128434,2,40,0.6576114023007936,8.348217280938039,86.46983757602187,0,0,1
31,7,38.95700326033566,0,41,0.2667056018926687,8.72807711454402,77.98104404226261,0,0,1
1,25,88.91686924720355,2,20,0.48696185780183954,7.914657064217323,91.56333856419285,0,0,0
40,14,108.46175620859991,4,37,0.5858029557231698,9.799024771143515,66.10239621343703,0,0,1
5,8,46.9282787427171,3,11,0.6037196003541458,7.81397572762223,85.09093539233875,0,0,0
18,6,110.73007691965799,2,14,0.9929422133409814,7.607579059026437,85.31986141461729,0,0,0
40,28,93.78143477564889,1,24,0.1847367191131281,8.158530335350854,69.39064514198368,0,0,1
10,32,24.241949960121943,0,16,0.9569996071278352,7.005767729791221,86.96467426746554,0,0,0
17,7,118.39012233963015,3,35,0.43863362697782415,6.7814620325139305,90.85016140271335,0,0,0
34,16,59.9998866824507,1,1,0.739099050779536,8.2491690423103,77.18146584219305,0,0,1
2,22,22.80676038445732,3,5,0.7273117125408367,7.7697784812954565,79.4548333725971,0,0,0
13,21,71.86720401179178,4,47,0.14832737073937616,9.321530688647407,80.81200967719205,0,0,0
20,4,68.18429041317934,4,8,0.44401358801304225,8.290949478184224,78.17399053658333,0,0,0
16,16,39.477060670002125,3,12,0.9767749994347213,7.886670832185204,84.2197659895425,0,0,0
44,16,51.36922281613962,1,37,0.5781646165158387,7.433483502238005,92.09030961278913,0,0,1
4,20,105.5959134512321,0,33,0.8245840391195736,8.883785052900496,79.81129798752833,0,0,0
42,11,70.3734633284131,0,32,0.31323999241598377,8.142753869395102,92.24304416648206,0,0,1
46,11,91.83194770386102,3,26,0.5780809421376366,8.711976251986524,74.9827838884979,0,0,1
50,30,112.2797843645628,0,0,0.7522266288356421,7.87677431916037,83.71251911288083,1,0,1
21,11,26.032701102896894,2,48,0.43930694076287014,8.914775570130772,73.76148765257692,0,0,1
9,13,64.18699526596016,2,1,0.5672467356170864,8.472156237116865,65.45300337902331,0,0,0
36,21,38.052103593541666,2,12,0.15228275687231482,8.820459587697862,68.98906272109264,0,0,1
31,26,21.93985009208159,4,19,0.6678296112062471,8.255459941926098,73.22089262835449,0,0,1
58,12,49.142422464796574,1,39,0.8523982574030885,9.174651208698752,70.4135602502196,0,0,1
9,33,112.34250960769731,4,12,0.619468008600978,8.689478768231476,74.34684901329035,0,0,0
23,29,72.05278370854651,0,15,0.8997393523934372,7.191709597932145,77.39234926287486,0,0,0
23,22,89.87794918392947,3,10,0.8593635937660519,8.555452607040547,75.48654822840422,0,0,0
13,22,67.35727863156255,4,32,0.557524492224652,8.082754822815772,74.19618620422091,0,0,0
18,12,84.1234511701295,1,43,0.8801818347797572,8.670791132091283,79.91741160070501,0,0,0
40,35,48.22715279176347,3,28,0.513502091565388,7.942444946286099,84.03546931116476,0,0,1
21,17,63.716787107849385,3,14,0.9195451454929796,8.054134319837294,102.63118853218162,0,0,0
2,25,92.31248266055444,2,0,0.16967039678627555,6.727979937162665,83.8781015411288,1,0,0
1,27,5.559866880382871,4,17,0.1904117947128716,8.57551295943547,74.0432508865446,0,0,0
11,35,6.571093829120083,0,14,0.12604988506903037,7.888689585457234,72.50063383890476,0,0,0
43,16,101.84901831479382,0,24,0.943235077358025,8.192495289423078,88.58137831877558,0,0,1
2,33,80.1282972036567,2,42,0.667930758140844,7.827630312908571,86.0554367607005,0,0,0
51,9,60.552618197229805,4,11,0.9800683241516036,7.499027779032411,79.83384301642512,0,0,1
33,19,70.42988057741283,0,11,0.8306260465157977,7.400029746649032,73.45998931438346,0,0,1
42,8,33.005758973446675,3,4,0.1943521724853922,7.875771604216235,74.29304696836736,0,0,1
17,4,52.09950663518856,4,28,0.5369478762543972,7.514506928622418,64.12296191544695,0,0,0
2,20,16.768200646417263,3,21,0.9398736253441164,8.383185272834625,85.65487830982045,0,0,0
26,34,103.45523738658049,1,19,0.7817180009056459,7.278332578474831,77.68516671987503,0,0,0
57,17,14.05023264747089,2,29,0.4625069806418455,8.392621998588227,74.88075225943847,0,0,1
4,22,7.0637530353765605,4,14,0.8916236694563763,8.619763297897702,76.55707750464977,0,0,0
13,19,49.75819305442876,3,40,0.8624288296860307,7.996020944866298,82.37737376203158,0,0,0
9,15,75.26281371786405,1,41,0.9100208110582101,7.178068382304358,79.53547401102047,0,0,0
15,32,13.69457967092634,0,16,0.30284314120608924,8.612401809838031,72.41142451621883,0,0,0
18,19,73.57697466894236,3,48,0.16390689807992992,7.687572009095961,79.7499870958827,0,0,0
9,9,18.81831475459652,0,43,0.7076168972599777,8.59520178428682,80.15425900663733,0,0,0
36,10,63.610491842432474,0,0,0.8066708959805572,9.1394219352631,73.90402224799584,1,0,1
15,16,71.00185065414296,1,10,0.849424371714478,8.24079249219428,82.92939639033284,0,0,0
3,32,87.12370120636533,4,3,0.45133880144225846,7.349514990786872,70.69010147055042,0,0,0
24,23,119.76740738919995,2,39,0.23194747032400287,8.016736415821185,80.45718873362159,0,0,0
47,12,74.10873072183769,0,31,0.4262517860783619,8.556305291854947,76.66823997684443,0,0,1
37,32,67.38504310772726,2,2,0.17337384059718403,7.115150910157467,80.62912841785048,0,0,1
11,25,103.91407567675853,0,7,0.7518567773137707,7.489697868030242,85.18356983445169,0,0,0
18,27,97.18889783060723,3,44,0.5415522183083792,9.033377602419291,77.95007704489089,0,0,0
29,17,62.397495682374746,3,13,0.11978363332866063,9.092065742409407,77.06933173070391,0,0,1
16,35,61.18238364062957,1,29,0.7002418758014953,9.008486037025229,72.8178390996021,0,0,0
23,5,72.28394888291984,2,35,0.5461216932058425,7.531990710609805,81.95460040961896,0,0,0
11,9,114.28596658701805,4,9,0.4010601598677389,7.53611156787703,86.85719495957912,0,0,0
23,18,115.22725110179012,0,37,0.5799262593511922,8.45993033533274,86.63582872199014,0,0,0
11,24,42.50219651346124,1,6,0.9327593753138397,7.799523314373396,88.53728465334476,0,0,0
44,12,29.070198720933984,3,39,0.7329520486380254,8.174790871653828,82.13026788831922,0,0,1
48,20,85.42403861905396,2,8,0.770263055046289,7.150402240843832,81.12970175204357,0,0,1
5,23,99.43137884283993,4,14,0.5085335227796164,9.18306995990595,84.34137469894763,0,0,0
14,11,112.90915253441935,3,34,0.15984664063009976,8.044022039689375,90.900670475376,0,0,0
6,14,103.33401438651413,0,18,0.8031615826651229,7.094471584466959,87.0157737130701,0,0,0
16,4,114.41442819161071,2,25,0.5702857450588479,8.69122962570803,66.55499822438014,0,0,0
4,18,13.395413183457142,2,31,0.73990086575483,8.185319339475068,78.89771075222166,0,0,0
21,35,42.52891955717853,2,18,0.22943291528333234,9.239588150717214,73.23900009821166,0,0,1
31,2,29.379316290345677,0,37,0.5250536237466835,7.6634901196369904,84.82562705991505,0,1,1
18,7,91.7754765386597,1,0,0.8978522739777123,8.312249474432743,81.56938204978526,1,0,0
10,17,62.88469001970771,0,19,0.6970262806132133,7.678236805407366,78.28067704788576,0,0,0
32,17,60.74951222228981,0,13,0.767518249805799,8.40284871241824,82.10384011733638,0,0,1
17,34,106.08257353246074,0,7,0.5657017165795372,7.894983798363711,70.5603306658141,0,0,0
20,29,79.70936463412237,4,44,0.20830488583149637,7.735894236952444,80.49430016360715,0,0,0
11,12,65.18290758739525,3,27,0.7817336963104756,8.328308475315033,68.38049266567454,0,0,0
32,19,16.955328229924802,4,33,0.34331373144602595,8.837430653125015,80.59308963109737,0,0,1
44,28,66.27510930116034,4,21,0.7254265418033568,8.592692125111514,78.72003071330745,0,0,1
13,16,57.81992414450348,4,1,0.7036885228987322,8.523455091542935,77.47931919546893,0,0,0
5,22,41.806523591808464,1,23,0.8220242613116027,8.146197759659824,64.85222476783768,0,0,0
44,22,107.02946539627756,0,34,0.20763482134447153,9.286481766877895,77.9779773194797,0,0,1
17,18,88.82002751615923,3,36,0.6394356935847877,8.904252410581622,73.20192087375894,0,0,0
46,3,114.57171567414885,0,12,0.4307809800623783,8.05387883515575,83.26994209222896,0,0,1
7,26,73.59371367255753,3,20,0.4439111450139759,7.6609403848443804,81.31405931104413,0,0,0
11,31,81.56300263051725,1,40,0.6754373204884979,9.13823933438652,72.65323947636621,0,0,0
2,3,39.60100562892851,0,16,0.3401029128477565,8.767810974599517,75.72451167522364,0,0,0
3,1,115.482196442029,2,45,0.5315094803347892,9.156586182624308,72.85632486870624,0,1,0
41,28,64.73073380759878,1,45,0.3358315040561871,8.031131232227102,76.8371197269226,0,0,1
32,6,91.96686282886452,1,23,0.9144656921529226,8.543172154015345,79.31001101152785,0,0,1
45,33,20.75489225117221,2,12,0.5745093946785214,8.608285247058708,77.5064876130765,0,0,1
46,3,101.35542606372671,2,22,0.9298439219143966,8.272536633934546,83.68374804968816,0,0,1
52,15,99.99743872305284,0,31,0.8419154025244145,7.248165085734815,81.34605387836221,0,0,1
42,6,57.50147560553468,3,43,0.4748589530833296,7.62795972934434,86.7539294279471,0,0,1
13,32,13.31639465466294,4,18,0.5703189394030707,7.568365522169584,81.90278094177569,0,0,0
11,1,70.49494704843374,3,30,0.330995520906323,8.13128127493996,83.70652562052405,0,1,0
18,11,108.84820545167334,3,5,0.18763905619720378,9.29134157138497,66.99964638408495,0,0,0
16,33,55.87528018604226,3,9,0.5894901290450059,8.628397036578482,63.57103780547498,0,0,0
57,10,28.064428873393037,4,19,0.3073749959056149,9.408686784875815,78.10277709503187,0,0,1
13,7,76.84057698175991,2,12,0.7471205383902408,8.7343016095815,83.17403770249916,0,0,0
29,3,28.43188087274353,4,29,0.18327569893004725,7.069865992708215,73.94273958118731,0,0,1
41,31,5.920936177485029,2,49,0.14879056978539376,7.603719153335087,84.05640362220777,0,0,1
8,19,73.28728529310578,3,45,0.16404245665608952,7.497893071686434,74.99474073398247,0,0,0
7,14,55.342981323634774,2,4,0.7859166584052921,8.866093234757443,73.4264143793771,0,0,0
17,9,113.4255812625251,1,47,0.32920355984144606,8.755828670495454,78.60674801493248,0,0,0
59,14,52.75506532087436,1,29,0.35549036343164186,8.702417182821998,82.27221650731808,0,0,1
18,4,46.15173324377632,1,7,0.7988381931841001,7.398267945380484,88.84577414007856,0,0,0
25,14,14.905613728139173,2,38,0.25657965956962325,8.348273559115126,72.04373074417359,0,0,1
9,28,77.67869824556175,1,14,0.14379189729554198,7.969758666153089,83.09819676030595,0,0,0
17,16,81.46484831603007,3,2,0.9344600375315074,7.5330454493416,75.96427986892542,0,0,0
31,6,105.81483761024306,4,3,0.4468382947426256,9.405369769469543,77.09518599143146,0,0,1
24,33,78.8336393077431,2,48,0.2454658426851524,7.913144134749437,87.23700716288319,0,0,0
24,17,62.581756471217204,4,30,0.7201788883734067,7.911144927900427,89.39432906656697,0,0,1
29,19,86.21221604078625,0,48,0.5866611104197937,7.9108245163673105,70.72527019598655,0,0,1
55,8,116.5398853023361,0,7,0.24054746031295654,8.202596337390474,76.90513738731937,0,0,1
6,9,71.81138746263314,1,37,0.4698396144664825,9.523898209228934,78.69320011339472,0,0,0
18,10,11.336676543265575,1,33,0.5221224457460951,7.900229815706864,86.04452678127316,0,0,1
34,35,114.07213030064801,3,23,0.20281413332835715,8.94223629458477,74.19275757675446,0,0,1
25,33,32.31757505054766,0,34,0.3045426645368363,8.884846896176011,70.49942063397496,0,0,1
19,35,97.6721212510508,0,3,0.9321049498391244,8.734807665252259,73.07168921800343,0,0,0
48,27,104.54069031089792,1,38,0.1149944241197944,9.352247492721318,70.9917379890928,0,0,1
49,35,78.0976798436046,1,12,0.4682643287126397,8.410141448208858,77.61660436264494,0,0,1
6,32,80.0347348833317,1,49,0.5015533940314268,6.898016679652661,85.40978893623843,0,0,0
25,21,112.6587497783646,0,42,0.9552513012502664,7.6398422008847895,77.91314913158259,0,0,0
19,27,76.20486456707123,4,12,0.12312068038246736,7.570225529419122,74.30944180227307,0,0,0
39,7,77.2779485096103,2,44,0.3394971605523692,8.667307300447613,80.03911017310216,0,0,1
15,21,64.46856204854575,3,3,0.39420393675004584,8.93502931048149,72.08634535035777,0,0,0
12,5,108.548076573783,2,8,0.3509842173329637,8.208076361440686,85.3585364576349,0,0,0
36,8,68.78559502403598,3,31,0.5736506143043825,7.017543315390365,81.91403324969518,0,0,1
56,19,55.481713381148154,1,36,0.2659003068982331,8.732141308840884,70.03247491163694,0,0,1
36,26,98.03771863354278,1,37,0.878193029672326,6.840950199748104,82.24947889207247,0,0,1
22,19,65.19182628275927,0,3,0.8155522158455181,9.35941282685321,70.28169193316617,0,0,0
2,6,8.54483115042758,0,43,0.11170919208328545,7.79171579508874,86.41662255758045,0,0,0
15,10,14.86634276344129,3,8,0.9309013722867057,7.423068943154519,84.91326775738746,0,0,1
55,14,61.786493581904935,0,14,0.4847869165226947,7.843523534119085,81.50496324767066,0,0,1
43,32,87.18374661450328,0,27,0.7275478771484712,8.687583248476377,82.12733670977823,0,0,1
31,22,81.62080407008942,4,26,0.3162692111053301,8.658556639740189,70.90463631741396,0,0,1
13,16,29.418407042992495,0,19,0.731244957003721,8.983585080116718,67.8270377710788,0,0,0
33,13,101.25653276182229,0,41,0.1952506844457256,7.335865274291774,85.97184404461585,0,0,1
10,25,31.320678185602382,2,22,0.9353638883025563,7.696759507411576,85.80240699402468,0,0,0
3,24,59.160429029994354,1,8,0.7760594232586385,8.03333549098304,90.6050311357969,0,0,0
23,34,50.39445069215524,3,17,0.7633868953888461,8.628294450206017,83.82347523984454,0,0,1
8,34,39.83869430735965,2,49,0.9565321657514835,9.200382713369796,72.03909219401208,0,0,0
43,29,84.82514020726724,1,38,0.36765399885579075,8.28092094647934,77.22814802254528,0,0,1
54,22,101.0169772319194,3,25,0.5731211640724173,8.53012015984532,70.10847637298843,0,0,1
17,27,77.88172002688867,0,41,0.49865590967313944,8.377764794641177,84.01697655025127,0,0,0
17,6,43.41574605190846,0,27,0.4640746470164827,7.532099268473851,74.46321021203526,0,0,0
18,14,67.85637133371392,4,30,0.13950994837870462,7.699625418223568,76.83928835092584,0,0,0
48,25,81.30270344742642,4,17,0.2447272462757488,9.732887255572379,76.36916460455893,0,0,1
15,19,81.05762027309765,3,42,0.4709178372364945,8.427599242226625,83.94208004148715,0,0,0
40,5,53.236519305091065,3,22,0.5287021599709889,7.074412154974221,82.93955526076972,0,0,1
22,19,64.3725794077325,4,29,0.7050256185647752,8.489581294098748,82.58309927780768,0,0,1
55,31,84.54039996465228,1,19,0.45419980249568404,8.990983228762047,69.89265235485175,0,0,1
56,8,28.81591559030569,2,3,0.9095096912914914,8.956034798897484,74.74965835031695,0,0,1
33,5,96.12493916626357,1,25,0.7133141038827447,9.055324495532567,72.36063351766522,0,0,1
59,5,119.4975775923716,3,49,0.6845580367367026,9.112754008415518,78.42615741494495,0,0,1
9,3,114.89992229642164,3,41,0.8285644672523903,9.129272136336416,84.05102269383175,0,0,0
2,10,58.16398951506983,2,38,0.590888682466215,8.810396853837705,70.35998529385432,0,0,0
16,19,19.78665152884195,1,5,0.7206746676930155,9.265184445579301,66.66656793707054,0,0,0
16,12,39.326706278620776,4,49,0.395884114799005,7.38338906727356,80.07062086526025,0,0,0
6,24,40.8194146802671,4,42,0.6690378591275773,7.665555654722585,77.46737045629165,0,0,0
9,6,96.96765785595903,0,27,0.9237314664260408,8.589802438819188,80.81308513306683,0,0,0
35,27,36.688013010240596,0,17,0.9931980604373011,9.42234402318255,64.4191641016706,0,0,1
58,29,10.387969480674359,0,22,0.6249398660317409,7.763289555531809,71.85474036576075,0,0,1
19,28,97.47903997314667,4,48,0.9614772671673111,8.95306035050598,77.92149884861308,0,0,0
52,22,36.87160046543638,1,42,0.762431860383459,7.833919256958469,72.90036333921933,0,0,1
29,28,111.44204605688125,2,24,0.6959006432273612,6.357922782118832,83.42100504169686,0,0,1
7,25,76.6397150810889,0,9,0.8001864744138432,7.517211816063004,80.64342139424441,0,0,0
21,8,9.537846282453422,0,36,0.5887221255618968,8.926869830747288,76.33846585882716,0,0,1
52,26,43.35240474448158,3,24,0.8771663265516613,7.76726132312127,87.037086805414,0,0,1
7,10,65.72545663543693,4,38,0.7515902478121224,8.678050918275858,73.11077112298288,0,0,0
8,31,77.6662183133918,4,47,0.6242803996966624,8.35417754175632,87.02385260946883,0,0,0
25,14,118.01504720469438,1,16,0.506139952665803,8.84445716290654,79.45945657077054,0,0,0
36,22,92.2007385864468,3,41,0.47347409386007044,7.397471303828298,90.52707800254231,0,0,1
3,6,71.55699478139992,4,1,0.163712292410057,9.3337084765162,76.76849962628424,0,0,0
25,6,109.42173527812203,4,37,0.1821779222902032,7.460569103257113,81.44324286611987,0,0,0
19,9,70.57152981697752,0,38,0.5293988359245335,6.99523950845951,79.51345424650486,0,0,0
34,25,90.11855740756826,1,23,0.6910804571271013,7.843789109476794,84.97967837813387,0,0,1
50,15,38.54474683298239,3,4,0.36031951253770134,9.529102244193702,68.18269184050004,0,0,1
5,22,57.02217730875557,4,36,0.18784903429809247,8.556147313525628,79.37166502385122,0,0,0
58,12,28.73844625246937,1,21,0.22319706706192655,8.610266722582939,90.8524731763057,0,0,1
37,32,80.24364351737061,2,36,0.49629107653151405,7.432098042478585,84.01836042446548,0,0,1
7,24,111.61772231871915,0,2,0.46870394803839344,7.171746552860371,87.06602593373988,0,0,0
3,4,104.63444913890433,4,34,0.7868397621330004,9.528977616782846,71.42167983078895,0,0,0
10,32,64.18562245595383,0,30,0.8042364321075441,7.369308148821628,78.59769017588798,0,0,0
15,30,91.6753659158097,3,19,0.719097150070732,7.706813802818454,80.97667088346476,0,0,0
53,10,77.64807810755717,1,2,0.14604895580092833,8.776314648727782,66.08911618326937,0,0,1
26,34,36.46706662239158,4,3,0.48356317201237564,8.185065310879594,73.11129839256297,0,0,1
27,23,88.82800801209308,2,13,0.20639676006197974,8.151245180008885,70.21071901997063,0,0,1
33,20,110.33252068878268,4,8,0.27342198522367117,9.605647883455132,78.8297154273612,0,0,1
1,6,21.61019567783392,3,10,0.4006941868779069,10.075587126251325,77.25111196703472,0,0,0
37,27,90.55382364585785,3,21,0.7426576740012527,9.621048085553722,73.80593858639986,0,0,1
3,29,111.95061844597335,1,48,0.9066126242315198,8.414399850225355,65.13015191943936,0,0,0
2,15,67.5134911147986,1,47,0.4483450107413983,8.600267254763574,74.64593736665856,0,0,0
29,3,47.93057137217159,1,18,0.6795995889151142,7.619054514383498,82.65205088543495,0,0,1
25,20,41.39257005055786,4,33,0.37289780545982554,9.198921889947885,64.70331614169972,0,0,1
4,11,47.510262447061514,0,37,0.43100481944732794,9.502602652939094,80.96162876745952,0,0,0
18,28,73.9963037000226,2,41,0.5913311799781,7.449673672827722,87.41324038506559,0,0,0
32,3,64.25214630938424,1,18,0.8396115731600042,8.159854435882373,67.49198337129,0,0,1
11,20,68.59516704807521,1,21,0.5070864560664702,9.000671813512396,84.91253512088544,0,0,0
12,31,70.92066736170302,4,24,0.12271361126343779,8.867701241241807,65.65780623048686,0,0,0
15,8,42.74933526689376,4,27,0.8260172692872216,8.863065757923009,71.25464456023093,0,0,0
37,30,5.604189134214265,3,18,0.3831369011284699,8.13186860694401,88.0507073021431,0,0,1
25,13,109.20160679824896,2,22,0.3533295722058275,7.904735041823886,78.07732974759016,0,0,0
11,6,86.37636736016157,2,45,0.7982895290227238,9.095721075875929,77.40110180238345,0,0,0
44,32,68.94057944389722,4,15,0.5749309981776699,8.036813693863783,83.27175288969286,0,0,1
13,23,45.1200979096084,4,38,0.2859788664025348,9.474193185994078,77.56015860494193,0,0,0
2,32,29.172076402667333,0,2,0.6834312586700398,8.867353734051402,73.40745639142544,0,0,0
16,1,15.998680042727333,1,7,0.2547213019543939,7.182081129323887,83.87187692837509,0,1,0
14,4,13.096616676289129,3,47,0.5528612503462101,7.7113532884050455,82.98799224875724,0,0,0
53,24,83.88628963804317,1,24,0.6752079440339503,7.733210079347392,88.42933170933902,0,0,1
6,18,52.913491639925105,4,46,0.9272588966520036,8.184134616245087,74.94792460080295,0,0,0
4,34,9.764230214229592,1,7,0.5948777605279584,8.157158790876663,73.81343795876683,0,0,0
25,3,31.495433224174906,3,33,0.9837074260317211,8.152327043499671,84.75712387470993,0,0,1
17,12,13.277794123281998,1,2,0.7425108400569382,6.555711738687594,80.45275671664491,0,0,0
16,7,56.89882299836432,2,18,0.8694766176053269,7.754937629504494,88.116927908137,0,0,0
19,13,70.77952600261317,4,26,0.9197224038728319,8.642832712446008,84.70850191815468,0,0,0
29,5,43.43476378491319,1,18,0.6675033109111645,8.601584483065244,81.90462621473382,0,0,1
54,30,62.40644185733301,1,14,0.22007470197088638,8.297223687754453,86.23003093557276,0,0,1
30,23,18.242915551330093,2,36,0.280641558622413,7.699965313779785,84.24682795563304,0,0,1
21,26,44.7416523751435,2,46,0.46313287212429965,9.132351372666555,71.23539581316349,0,0,1
16,6,94.88578010758589,2,46,0.3230860228555813,7.314623856218449,90.06223700795711,0,0,0
40,18,40.23777667536918,4,44,0.6291924665174495,8.76018375107213,76.88552490222219,0,0,1
16,30,49.39585759996112,3,2,0.7274496288613154,7.4170950099706445,82.82739100084345,0,0,0
6,35,113.87696813960768,3,21,0.804968184660443,7.836717259620559,81.31810668444798,0,0,0
26,22,34.34595630903653,4,8,0.5917514204905625,7.854303273403676,78.18958926886151,0,0,1
2,23,61.07719811172925,3,29,0.12204860344088712,9.035161155264145,64.72081114524838,0,0,0
9,17,18.420047376293354,2,29,0.19602932510209248,9.025757971009485,77.21901300852159,0,0,0
15,33,101.65202672184735,0,29,0.9647024963382792,8.365626395198868,81.62626252412791,0,0,0
24,8,17.261716177708756,3,9,0.4638174778963353,8.153522947067035,96.74322467241944,0,0,1
12,32,110.2728631686709,1,14,0.5546040001696058,7.789719721324746,84.44591836559363,0,0,0
27,9,15.6134174163058,0,21,0.17358312875398474,8.743835975154585,72.89515200233389,0,0,1
19,8,9.345218258503163,2,2,0.7887434717052613,8.133263086411134,69.757916359191,0,0,1
37,35,62.07393943257357,4,25,0.16839415568424862,8.319555182216982,76.65184530454596,0,0,1
28,25,41.570399621764345,0,0,0.30514164628774754,9.436866810069779,72.5402366458719,1,0,1
2,35,73.66039544300455,1,2,0.49844527010157436,9.654273184883444,71.93737673741427,0,0,0
32,33,65.46844887043224,1,27,0.48747640461598685,7.317797872694154,80.84921682204082,0,0,1
1,25,7.594918846114932,3,42,0.6292842738449023,9.309795906515399,66.61526345177326,0,0,0
4,28,47.66945774322931,3,23,0.5889704710269595,10.096785751929431,76.06109201121967,0,0,0
12,17,93.09744930155979,2,12,0.9089626493622226,8.22962861249992,84.73088872916371,0,0,0
9,8,103.20562619987355,0,16,0.8622719687863544,7.732372837303154,88.01783280091642,0,0,0
3,4,87.23937727894211,2,1,0.4843945408243089,9.274797285682245,73.70292409363753,0,0,0
19,10,40.016398800713496,3,30,0.6784996721319351,9.406079344275167,71.53427572122925,0,0,1
43,12,109.86302701694095,1,24,0.330413978668296,8.121676965527035,90.82352292466764,0,0,1
14,35,55.543394751468455,2,42,0.5182205216006486,9.008400787241557,79.83560394001648,0,0,0
5,6,77.58462428502123,1,34,0.4931656323536616,8.250088493456232,86.89054593063008,0,0,0
52,35,17.129475495012517,3,22,0.839892844540203,8.454736448175357,80.15928835082833,0,0,1
47,1,9.461937293822057,2,10,0.8481212245809483,8.457374726231453,80.11965909234252,0,1,1
14,31,21.329339825489736,3,23,0.22532216013469858,7.0237430038568895,87.48878949357578,0,0,0
23,19,24.626447233249817,4,8,0.8044264366697343,8.415115561059562,71.1977245086003,0,0,1
57,18,10.821584310943525,2,15,0.6165548794621094,7.620617031952427,82.59238586590325,0,0,1
36,13,95.47849288606965,2,9,0.5622499418898921,9.288784016080774,70.23577615307138,0,0,1
57,25,62.722591789798976,1,7,0.6039014786612069,8.442020503418144,65.3057113746512,0,0,1
14,8,51.85190635578882,2,34,0.1503337151154031,7.532879864018537,83.75455481812534,0,0,0
11,11,100.46736304476059,4,6,0.22191358311522175,9.045603832705998,72.20985310126507,0,0,0
23,27,70.5829979541099,1,23,0.7680442530270581,8.775485329580983,73.19819959477584,0,0,0
49,9,72.30913525844579,1,48,0.7225481027212199,7.659098809656638,83.4924917401234,0,0,1
57,13,93.15064136548712,0,3,0.4563435035763549,7.657807675196745,90.95291036308925,0,0,1
3,19,97.56427933676544,3,44,0.9665293213666234,8.332280648977703,79.42991058087516,0,0,0
18,15,60.66236583858147,0,36,0.9114247047583608,7.968966860317331,81.74800676314958,0,0,0
40,29,40.962028941267675,1,41,0.22445485606427296,9.555540097567565,63.331820791705894,0,0,1
52,30,67.17303898516225,3,15,0.9782668715162811,6.7874287066711965,83.93227157384713,0,0,1
4,1,32.6458749827533,1,25,0.9264151780078934,7.807136533918217,78.23030290301678,0,1,0
41,14,64.20399570191438,0,19,0.6336557662914347,8.618779529298434,68.40165052686928,0,0,1
22,5,13.292775686885046,3,32,0.6775609575687024,9.358699407951232,81.24249614946463,0,0,1
57,32,7.1122782481621005,3,19,0.41141491088035564,7.831251366624738,79.09762996837328,0,0,1
28,2,103.66841920111116,4,0,0.7961258131179406,8.022050674755054,72.63802014750095,1,1,1
39,15,76.9129453659868,2,46,0.22866478984067695,8.370486230565646,78.06774019985275,0,0,1
24,35,118.90809133007743,3,17,0.3250148042944942,9.321837822684376,75.1448926909427,0,0,0
2,6,95.78470233244698,0,29,0.11721606979355831,8.445210072625414,67.70747544662333,0,0,0
46,1,114.71586813475307,4,3,0.30577852495311647,9.330223407055234,81.70685498459092,0,1,1
22,3,78.01426580261372,2,43,0.1186822289115678,7.753829318504073,76.54605566924704,0,0,0
14,13,18.05717386752297,1,40,0.9124874091680578,7.475450228366471,80.75751451728061,0,0,0
36,4,95.85973326926997,4,7,0.6862304898894215,7.498676097347342,89.50924584080047,0,0,1
10,15,71.3026738443811,1,16,0.3174411487921867,8.37969052165026,87.86550780507537,0,0,0
16,12,97.51027888314307,2,29,0.9617032171342865,9.276562522688044,76.56542710048646,0,0,0
6,12,50.74624570684629,4,28,0.5349648564696927,9.344384827108337,72.11849637537502,0,0,0
33,17,106.45703431738798,4,46,0.11810954966776664,7.715073821161134,91.1836998091532,0,0,1
13,30,8.818357511007155,3,25,0.4572309485814364,8.897705142498317,68.6868361129195,0,0,0
37,1,28.67704073815893,3,34,0.869009574866863,8.860511800766222,81.85899710248894,0,1,1
17,14,109.98263114470618,2,45,0.26440514581570135,7.914701623915717,77.5943144360117,0,0,0
17,31,48.31996662848186,4,34,0.21560384628387225,9.393193706107645,72.8182358303782,0,0,0
15,15,54.89205112835308,4,23,0.20492476710012705,8.25568136108736,83.5287689563574,0,0,0
24,18,113.67776742676541,4,24,0.14839508049578504,7.230154147476396,86.59137203487231,0,0,0
31,20,23.30329465929043,3,10,0.47753333658083774,8.6022537900827,77.71198899607536,0,0,1
8,20,8.73595861936897,4,49,0.9995211047823221,7.246554797725179,92.81398121685307,0,0,0
20,19,81.06861361221996,4,3,0.5483788476055168,8.075012200799147,72.42169375499259,0,0,0
23,27,49.82232955404659,3,7,0.21596384080022935,9.453789405379991,72.11360897058155,0,0,1
2,18,73.93803106075241,2,17,0.4448938293525265,8.653297242078978,66.75290135411291,0,0,0
30,8,114.23035863093206,0,11,0.7501361568695186,8.177616562915409,73.86758185855585,0,0,0
55,31,40.24329882492434,0,41,0.3537271386142562,8.227170714417323,71.47751757864184,0,0,1
15,15,115.5629112588357,1,35,0.3097655307017515,8.28164830242975,90.25240392447942,0,0,0
31,11,100.02919325927148,1,3,0.41779260004455054,8.926284422998313,80.92266023796952,0,0,1
2,9,81.40873545815795,4,32,0.8519862020893367,8.499265137353582,90.98424897302921,0,0,0
11,22,82.19614490135024,4,43,0.1731066713260054,8.102611850509128,88.57716648690567,0,0,0
31,32,48.399576872099274,1,24,0.14179028993453108,7.722624960635624,77.7003754710357,0,0,1
5,10,34.29610134372267,2,20,0.18702510380881043,8.313923800898671,78.91159741377722,0,0,0
2,31,16.00884129560569,2,30,0.9623062080274903,8.97677393159934,72.72034719165123,0,0,0
5,34,76.3926537085405,1,12,0.28821771197066276,6.890349775235035,87.57302757797042,0,0,0
24,31,70.70329557177179,4,23,0.8870275929552782,8.975883068907164,76.61903681543878,0,0,1
15,8,112.54323582331143,4,49,0.4512591177968228,8.955171309972478,70.4139366138327,0,0,0
8,26,56.76340054460327,1,16,0.1928092261672682,8.994085128833996,74.19363510184806,0,0,0
41,17,18.09141524980916,2,38,0.6173015988379736,8.767964849935751,71.04862258320108,0,0,1
14,23,64.89593990296973,4,15,0.7725880991236428,8.970373167051523,88.35492593508684,0,0,0
46,15,93.6295766374269,2,19,0.15976481811444765,8.435065206768705,83.87198372240015,0,0,1
9,22,31.745328539535286,0,27,0.7325797996450912,8.1487934851696,78.81954164890186,0,0,0
5,21,51.26851985229327,2,24,0.16239549734898828,8.473031488365226,86.99544106094119,0,0,0
8,29,49.33865990615109,4,13,0.8704009674038375,8.176730725829165,86.08620227178191,0,0,0
36,30,42.742166665070826,0,17,0.4342798016857412,9.186549970769436,78.41107891233403,0,0,1
13,25,25.659890064864317,0,27,0.33757796773884696,9.609046009084784,71.48109688870281,0,0,0
11,8,30.266280895011047,3,9,0.3308167549150894,8.484627398710938,77.3071631347519,0,0,0
58,12,116.50488858753097,2,18,0.5616121745324778,7.908607154823671,81.26683408254588,0,0,1
24,2,32.52753117933533,1,42,0.3260728041440205,8.392248649064891,71.99563021872513,0,1,1
12,31,29.753039357609676,0,44,0.15062202488365525,8.814717828784055,68.20892826455513,0,0,0
25,14,55.531573814862,0,49,0.9487682539702368,8.558094434229453,72.3427185113768,0,0,1
55,8,105.26076958190893,4,31,0.5483761448078251,9.663771585050357,76.18161834837016,0,0,1
31,12,91.06149584429127,0,2,0.39214791828725015,8.25361180893728,89.35789538994693,0,0,1
20,29,69.29181776885925,4,2,0.29810019331427784,8.172850568532125,66.64545621406201,0,0,0
23,13,88.02186116430313,3,46,0.5404388040736032,9.597427674349104,71.66725034132972,0,0,0
3,19,61.05880107835701,4,49,0.6754477793086882,7.702107364515709,77.78864205976376,0,0,0
45,3,42.29787839542457,1,26,0.6348176445777375,9.611631592743102,78.58657580679387,0,0,1
54,15,91.17990207213329,2,8,0.47419759317098975,9.470850381470997,62.3467261822655,0,0,1
34,13,71.67761469418156,3,41,0.4287051336311938,9.531242854239798,74.8979122973159,0,0,1
47,35,13.832350556158476,2,19,0.5955970414967664,9.37953703247795,72.31872630659464,0,0,1
58,28,28.78405771034057,2,34,0.48471987535002015,9.445130564523033,77.82052648164047,0,0,1
44,1,119.09060150831431,0,22,0.17881801607455727,9.089933419505773,79.23842030554198,0,1,1
7,14,67.75503641349798,1,13,0.3627200561480266,7.741744810826509,91.32400914620226,0,0,0
39,22,56.234548666713536,2,27,0.8770884200104461,7.904767115131397,77.54187413920448,0,0,1
24,14,95.77862244441135,1,32,0.34663743073384823,7.679227000345309,88.76366195626167,0,0,0
56,35,20.375000255935163,1,12,0.5007466222882341,8.483236421171679,82.7406741659722,0,0,1
28,12,105.40751691788617,4,7,0.3667218521619595,8.767012689554596,76.25327777667327,0,0,1
2,30,27.68290660920693,1,15,0.7084837307481191,8.14331409597308,82.24423856688284,0,0,0
3,22,11.487331588116529,3,29,0.29110519961044856,7.568291153593769,80.67135123214871,0,0,0
7,9,76.67928458516916,1,32,0.1572025152574213,7.246832512996986,77.01896687959665,0,0,0
36,33,68.74880954913965,4,16,0.3645541909152078,7.8710461228101725,85.87350630832674,0,0,1
33,1,60.24255941463078,0,10,0.6347176438169216,7.970461099279476,82.56793246584193,0,1,1
20,20,110.19617280368094,0,49,0.2090399151348869,8.622441717278447,67.50181165068793,0,0,0
47,14,38.866803886534434,0,2,0.9110422094418901,8.894901466608836,78.95850857322424,0,0,1
29,19,51.571387548261676,0,44,0.14946967615583986,8.403106737990516,74.74678100732892,0,0,1
6,19,17.59047209793431,0,11,0.6832272862496928,9.211391390417003,69.18674494040512,0,0,0
41,33,7.078666815784899,4,47,0.7718422646062217,8.281688064622161,85.06390463468249,0,0,1
21,24,95.76867755676385,4,35,0.6689949379785541,8.094929497509838,70.09729950885337,0,0,0
14,11,114.15807971580251,4,17,0.42618819035424627,8.901027308012823,77.26194358121784,0,0,0
21,2,112.75014964857222,0,0,0.3749718795922212,8.248316696913063,63.23554703523759,1,1,0
58,1,7.084264720258919,0,42,0.16214131568313978,10.110396545514988,68.44016487112918,0,1,1
9,12,90.06898818983717,0,44,0.985699287132848,8.37436674146472,90.16171015608751,0,0,0
4,24,84.92156530896972,1,41,0.9912566535264471,8.014559271437044,80.77786467855174,0,0,0
26,33,32.58552296693364,3,33,0.41314727042394994,8.60768784473472,81.3883976539433,0,0,1
11,12,110.45052800678619,3,47,0.5839229157318744,8.363123090077854,86.24471803129636,0,0,0
48,26,67.16355766972629,0,33,0.9505153848236446,7.562909471460926,83.94601651737118,0,0,1
12,26,98.91535296818671,0,27,0.5548287308553367,8.65222727519708,76.85838802459556,0,0,0
20,19,77.9490700667885,4,41,0.1943272584978149,7.5873928610637,73.84914166685432,0,0,0
3,24,29.02565252576642,1,26,0.3657615295770449,8.241418830254695,80.7534780695211,0,0,0
20,25,83.0967667016163,2,40,0.5485979790361516,8.83868415382381,69.69357899335868,0,0,0
5,1,42.20254541481948,1,49,0.6663689254096625,8.738826548679448,71.82421701072624,0,1,0
14,16,40.5824714101011,3,45,0.16159663831836352,8.30400200214663,80.25197707667583,0,0,0
38,13,17.72264974984883,3,44,0.21473979609878419,8.443487481924796,80.7768122087718,0,0,1
55,7,60.31188233690423,2,23,0.19372362212825872,9.167130458588364,69.03310897208071,0,0,1
43,9,118.17367164001729,0,12,0.796826032930604,7.608811454589512,93.53901727212089,0,0,1
51,21,37.87928076250341,0,11,0.927033880275599,8.218781351679185,78.93177321970163,0,0,1
11,6,116.42860567504349,1,35,0.5654187028095743,7.83770887130623,77.87535966707117,0,0,0
55,29,33.78913074885939,1,38,0.9414037418990577,9.190593097401196,75.34309355207914,0,0,1
1,34,46.28508832911533,2,1,0.44925262683486133,8.477591189235577,78.91247169570289,0,0,0
40,1,28.421720843858758,1,12,0.8834742696424458,8.074439421909478,94.0960063598089,0,1,1
10,7,10.898792632839793,3,36,0.7547763072025855,8.768727448469212,82.21980116653408,0,0,0
57,19,105.36669155010472,4,35,0.18688102317589672,7.857399973989442,72.51866278245559,0,0,1
44,28,59.04361910895844,4,5,0.43314283022989997,9.036618812286774,73.63585543671563,0,0,1
46,23,110.89681650099782,2,39,0.6471049544148328,8.498582213774405,79.54800357849125,0,0,1
57,28,24.76257535261587,2,1,0.5769923706337768,9.079384892280315,78.5877260333206,0,0,1
40,19,77.43532602106558,4,18,0.9733946939956877,8.63618093796588,71.25702281665377,0,0,1
27,27,84.10667263619024,4,8,0.598803862718815,8.075071717259547,68.46845909385829,0,0,1
28,11,34.88907261292577,0,46,0.9257372588187912,8.66851059810966,64.8214436297949,0,0,1
54,3,26.887359224192796,1,22,0.4406287811372822,7.8244407625755725,70.85535554405654,0,0,1
9,19,115.121816734639,3,8,0.855821445997984,9.082302962946802,68.90167830653942,0,0,0
47,26,22.41220105264978,1,6,0.7365054955018809,8.551734132259016,68.23253787007609,0,0,1
12,33,93.93882049495872,0,7,0.3529447751502003,8.591902797557374,68.34965330479821,0,0,0
43,26,108.21965224711342,0,19,0.7401392422394077,9.704430688946474,76.80384674507583,0,0,1
38,17,109.197576853932,3,23,0.7523708493835154,9.505938259447264,71.24544408722574,0,0,1
10,25,71.14378530711187,4,32,0.9304814714620548,9.032438817928842,81.49929857803754,0,0,0
17,23,61.7886146525468,0,26,0.8598238321652365,8.378799758731603,76.05237921947229,0,0,0
5,32,78.78166334299034,1,47,0.16455856403341756,7.395669248022147,92.4481721277877,0,0,0
22,25,22.829785923690583,4,21,0.6317499345121097,8.564034067105284,79.44475298483682,0,0,1
17,19,32.40877922221965,2,36,0.5749858588028028,7.991359896528525,83.22979698059385,0,0,0
30,29,76.87223851087101,4,29,0.8529083319630996,6.97463214027572,86.50471130723038,0,0,1
48,25,14.635961843050087,2,11,0.7862806339979813,7.014593983430421,85.85347408017772,0,0,1
37,15,31.478309369205043,2,9,0.3311954628811433,7.526452351306449,83.81786667794327,0,0,1
10,18,78.24376650729548,2,46,0.1645406999628859,7.958280903889525,69.97064966751906,0,0,0
29,26,28.951932642657766,3,11,0.27056713891363915,8.61103831985743,70.25677648742341,0,0,1
45,2,7.806089879001872,1,33,0.11914246976534842,7.841141994637712,88.32740187532676,0,1,1
4,9,40.51226166520576,1,3,0.3393979237833922,9.131058645741014,64.35634988625077,0,0,0
16,13,76.14018324580299,3,21,0.22169558234156928,7.317167598238396,91.14583182450473,0,0,0
37,32,109.45057688616518,2,1,0.5778411249854227,9.782517381962734,64.30044390698379,0,0,1
44,16,69.10436711539677,0,11,0.6857094887622117,7.014423824441058,88.40757043149871,0,0,1
9,6,36.9040745021126,4,1,0.8522047637691411,8.52934282160637,80.66403267862285,0,0,0
59,10,117.47710906695578,2,48,0.281227403922377,7.445483144167647,80.44781973786516,0,0,1
53,35,6.810434994502853,1,48,0.786072362050864,8.335705650943746,93.10024553464824,0,0,1
39,33,88.1183977412415,4,5,0.9253691015228319,7.266891639478149,94.89504506701047,0,0,1
48,20,30.325909658391236,3,32,0.7638091741835441,8.543344385838315,74.13860844238285,0,0,1
8,9,38.627734646688516,0,1,0.7946046451615131,8.564160293034185,80.47462805794821,0,0,0
15,18,89.23160416138033,2,19,0.21518938768022777,8.670799639896417,78.63360498885763,0,0,0
53,29,31.02165384390898,2,47,0.805150072760731,9.243515511066454,81.57391023097077,0,0,1
59,31,73.5031797785759,0,38,0.9456117301226491,9.052794620917938,81.44556554164144,0,0,1
14,34,20.39026174496471,1,10,0.34439234267011815,8.364866224909514,72.9314392400206,0,0,0
12,23,14.97609308265888,0,44,0.15138528445889554,7.97740668733006,93.07765130681412,0,0,0
15,29,62.44805854853719,0,32,0.5125271314836756,8.53718453300731,74.16203506670068,0,0,0
46,12,52.20701631696378,2,16,0.29960378037308677,8.234131640341182,69.70926377051669,0,0,1
54,5,15.166945687049356,2,16,0.22061370560557667,9.54452258694224,78.38912584240057,0,0,1
18,6,52.5544009833453,1,12,0.9600845205398404,8.732922178953869,76.06054580510143,0,0,0
38,14,110.2345833361786,2,29,0.5416249113342856,8.569872778707222,81.18443069322956,0,0,1
40,10,42.5813911736444,0,7,0.8438959667723178,8.738645533202138,74.46686187138326,0,0,1
31,34,106.83933601234762,2,11,0.25373233567558967,8.495996928531339,68.92760136646294,0,0,1
35,26,30.65535212121592,0,17,0.4883573078628781,8.846188395819963,66.17688936332098,0,0,1
4,17,111.73171108362546,4,6,0.4759002962352953,7.93333638189166,78.4649592080867,0,0,0
53,31,99.02001289762865,0,2,0.5684104829254447,7.665686414056705,90.50210218844074,0,0,1
49,17,103.0429534432866,4,18,0.5966894227790671,7.602092189948667,89.83636403141041,0,0,1
49,13,12.303860402850155,0,34,0.22046690692056986,8.971228459003758,83.55764803254715,0,0,1
8,32,19.687050618052005,3,37,0.24337361855708228,7.458982808400343,77.1275505875343,0,0,0
47,31,89.41342269777023,1,31,0.9363316582065063,9.919871519963934,76.30035303173719,0,0,1
11,13,66.24778474343238,0,5,0.4029438503745285,7.499015660551808,86.8012554731768,0,0,0
15,14,44.57053605268584,1,17,0.4965983950818642,7.807613510308724,88.23925565732578,0,0,0
43,20,76.2654356229328,2,20,0.5791786140476954,6.918583758078652,77.86679632632135,0,0,1
39,4,25.077832893426436,1,41,0.7406001504918546,7.892282176272689,87.44585861767199,0,0,1
31,21,107.6503027250769,1,34,0.7092790770799257,8.343710736873886,73.96899154283462,0,0,1
12,9,51.90730497833721,1,10,0.22273329472080927,9.208419354816126,76.97382457388466,0,0,0
15,11,89.78021071070005,3,10,0.5245288902020886,8.84435311952238,75.15764951901438,0,0,0
38,17,62.27464520153993,2,49,0.1833629347462305,7.958270163304316,83.9483043853171,0,0,1
11,21,102.10106451505584,4,25,0.21447978641870463,8.605201696570605,76.76916665890774,0,0,0
49,18,77.21425606885312,1,29,0.7492798605958585,8.619307116409082,71.74949433154887,0,0,1
59,7,84.02403312138307,2,46,0.12742493746023476,7.62089539975461,87.50931718508943,0,0,1
47,15,98.98401580718443,2,8,0.49454648202768525,8.782670730861042,85.69890129495978,0,0,1
6,19,27.115638043867158,3,1,0.6576543342504301,8.8804894735895,86.66758082673263,0,0,0
7,26,65.21406292255034,3,30,0.523855052895263,7.097375404613345,82.82105157030851,0,0,0
58,30,16.528239828130815,0,24,0.6955468143795609,7.233665474061552,84.72177884643978,0,0,1
44,10,110.86162678679379,1,5,0.5975333881465142,7.7469402422153335,91.52325502964068,0,0,1
55,34,49.43012463255628,0,14,0.9004518245159598,9.30543112018592,73.34742460051503,0,0,1
7,17,115.7401693845924,0,6,0.527007861860071,9.094250393130599,77.33436172537895,0,0,0
25,29,55.1882538539032,4,37,0.18489468366193929,8.17193831225732,85.94974242277472,0,0,1
13,29,44.654024890809524,3,46,0.3675584838531939,7.565429317460451,75.85925752277451,0,0,0
6,25,56.219450487455305,4,15,0.8796631923839632,7.651101300227856,77.11648242733766,0,0,0
17,14,73.5710360254361,2,43,0.20851019719955094,8.911066885816858,71.60625689168262,0,0,0
43,9,22.705772446647945,4,15,0.7950408011537552,8.753648918213276,75.81954243732471,0,0,1
13,11,102.03183005853876,4,25,0.8868766007233726,8.551973843730128,76.9782202878486,0,0,0
26,21,55.43192618180508,1,42,0.139948994953769,9.21466241196408,71.09081084041489,0,0,1
24,17,108.4149412763393,1,0,0.4997037218466991,7.903980465340193,91.2113802877022,1,0,0
15,17,89.43619713639958,1,46,0.8990856386661973,7.312226736046466,86.48795367811958,0,0,0
15,1,32.5941239282176,3,17,0.46404195800671844,9.7092419937679,72.03911158399495,0,1,0
34,1,10.164799384495822,4,6,0.43455165976210897,9.509801502256819,70.99788217130647,0,1,1
16,4,113.60711844138645,4,13,0.36383295723491194,7.9651104139658,82.82343467131359,0,0,0
1,18,115.3530969750619,0,12,0.643422770959378,7.511192891067548,82.9581894443797,0,0,0
11,7,13.269272491391245,0,18,0.8331086909021524,7.447956182203813,79.8710465311019,0,0,0
36,25,73.72551695723295,3,9,0.9389161898025875,8.176461332643916,87.1070032349588,0,0,1
9,5,104.13875639630866,1,8,0.598441096570353,6.892986825945925,83.53852073895865,0,0,0
58,35,107.16642231549834,3,17,0.8440366237673387,8.746348927997886,76.23858462905139,0,0,1
44,14,89.04441097278392,1,20,0.33087705619982305,7.24480024135199,85.83527758694052,0,0,1
11,26,39.0014795162362,2,37,0.5708917494737874,7.463037826635202,75.37361232741966,0,0,0
51,15,27.672724555880894,4,21,0.27510249086677085,8.995201171958135,68.44980947454275,0,0,1
49,19,114.97356637403655,2,48,0.15618819455000232,7.305021103723993,82.82496194996882,0,0,1
35,20,36.627848836096746,0,18,0.8713872456489242,8.69308128843103,80.5638655899503,0,0,1
1,22,25.802568658573307,2,17,0.8294213954939195,9.269157857982252,69.39377444278547,0,0,0
52,32,102.25174514635872,1,26,0.32981801520601134,8.5917211850809,79.59895175370093,0,0,1
40,9,51.737901706012146,4,12,0.683814658021628,8.925147655091521,78.0455803412096,0,0,1
27,6,64.82667545796292,3,35,0.17260279065205963,9.404974629279357,79.51144687464576,0,0,1
52,29,26.095000834608836,4,20,0.24041677639819287,8.93952064610007,79.05257642403264,0,0,1
52,30,68.38339562038279,3,8,0.8552623554822687,8.023433973315585,72.49251318239563,0,0,1
56,13,66.75586116040621,0,45,0.14454716814429996,7.9489605326299015,84.4436619735998,0,0,1
34,20,11.350589885448274,1,31,0.25074198018469696,6.948893366959994,80.68592156830245,0,0,1
17,30,28.666353353783496,2,20,0.5920095384075805,8.869943616419564,78.98059107455565,0,0,0
50,20,67.81847401504785,1,11,0.36720610684123867,7.857271837221677,83.9038711936292,0,0,1
40,12,9.86936205882414,1,46,0.5076199632408497,8.710425121168287,67.65992896308312,0,0,1
29,29,39.31305956384915,1,46,0.7124493718672418,8.159847800664554,78.36228664140073,0,0,1
3,11,86.97728952400982,3,3,0.31050723832498317,9.025805341363128,72.17231358120914,0,0,0
23,32,102.8823345739879,2,19,0.6091704555519603,7.369148464871871,83.15015739582041,0,0,0
27,13,19.99060995497554,4,3,0.854747998780566,8.506608485245257,78.97168039938964,0,0,1
48,2,22.611617509654963,2,45,0.6402262690896248,8.24375198370703,86.8042332715574,0,1,1
7,35,96.96756006615276,3,24,0.5624656611189381,8.821466122607207,80.72338060051067,0,0,0
47,33,27.452943596775118,4,47,0.35269512619677024,7.820990032235011,82.31364091451091,0,0,1
20,25,53.466064781613454,1,37,0.35203359659544053,8.582388883599686,77.75293426917888,0,0,0
54,1,14.521846811389544,3,25,0.16142473481868244,7.687497048314812,89.03796085215131,0,1,1
33,12,63.513618836457404,4,7,0.6680247633975366,8.806500945938954,81.26767038578659,0,0,1
17,24,109.74502043892625,1,31,0.5354741969778802,8.614071058860668,70.35769189159828,0,0,0
11,17,86.80432456609475,2,32,0.6453639773029103,7.9057935061630085,85.98522323089537,0,0,0
1,30,35.99386416361135,3,20,0.725176863004355,9.031603146049562,67.16431096769877,0,0,0
24,25,47.696155858120285,1,7,0.7529213516051465,8.687573472102574,69.3560395927377,0,0,1
53,2,83.68679804889804,3,6,0.6489969920043588,7.615914529328229,84.87782316920347,0,1,1
8,20,88.7932575664434,2,29,0.20228143482704747,9.093927944068868,77.09869392351435,0,0,0
22,33,65.18995480805214,4,33,0.46358008869389344,9.519271242256146,75.04909064355022,0,0,1
20,26,27.444149480144798,1,12,0.767477306652438,6.137622140044452,75.65538268164903,0,0,1
19,23,13.404379633106723,1,25,0.11277104445619046,8.06757071772766,86.79693969654579,0,0,1
19,25,91.2338920981509,2,8,0.6149106673499857,8.51390296485328,70.04993598959462,0,0,0
57,26,105.0046994845994,3,38,0.9390904824059898,8.360864963163317,78.80978309777689,0,0,1
56,9,55.6499756254453,1,28,0.7756021128534893,9.046091999300343,81.62439285872476,0,0,1
52,2,94.58562030126433,1,21,0.612353244655472,9.054951949307636,76.58239740191098,0,1,1
29,4,82.78903166891511,3,27,0.3107660021339371,8.352000596592749,69.34559402903298,0,0,1
32,33,101.3160459187464,3,17,0.6230758813488609,9.221019198662354,69.95355856377854,0,0,1
23,3,24.8313347319938,3,34,0.5999725612564477,8.79729028068682,82.57633021075856,0,0,1
29,4,88.05904536520262,1,26,0.6770328695967676,9.006717451611852,83.38397906279033,0,0,1
40,17,52.47125831977651,4,42,0.6384574524413391,8.401524282112726,73.62114586389274,0,0,1
4,14,13.559268120429302,1,28,0.26436261722779103,9.750134212155483,79.1152827762612,0,0,0
5,6,40.47395944700893,0,47,0.4584252113770716,9.845788184889274,73.82304960913088,0,0,0
12,6,117.96800923420939,2,12,0.990266418832023,7.7514502162983385,83.27159443227119,0,0,0
32,7,80.7762533196674,0,2,0.30796731692926427,7.849372888818667,82.34827427006395,0,0,1
27,34,93.99921550362649,1,3,0.23643556732008944,7.854735302023644,88.26264470674832,0,0,0
21,26,28.994970013219568,3,7,0.1708287190367585,8.23328949085369,75.74961857624696,0,0,1
26,5,116.94759984725991,3,28,0.3668408031549838,7.938354521952492,86.66070281742557,0,0,0
35,28,112.73814446046676,0,43,0.2679206493282772,9.21777137852298,70.79526200222335,0,0,1
24,5,18.201646633897212,2,15,0.8057855569287402,9.353425091094913,73.42970413813822,0,0,1
56,22,76.89854849600086,0,44,0.46733652178002827,8.821889881356945,72.72079431548454,0,0,1
8,21,101.2010524375039,1,23,0.7648691586543372,8.256687411523147,69.51942485781707,0,0,0
48,30,25.663557520077827,3,13,0.9742555846374756,7.961900063802973,81.54255010503255,0,0,1
14,11,88.35505438551671,3,22,0.6852647672861085,8.984279563989595,80.8798070900025,0,0,0
57,20,79.745852039443,3,22,0.12485509468633424,8.019721463781366,84.00174044553052,0,0,1
37,22,6.655251192421925,3,4,0.1847412894417041,9.149546190929994,76.99948316855503,0,0,1
40,7,73.46927699180503,4,29,0.77496442335926,7.899042380383928,82.27819794038028,0,0,1
47,1,51.310927914374425,4,19,0.7139725203295889,8.403850803897948,72.00450573089537,0,1,1
8,27,6.554068865210995,1,31,0.6409820506566725,8.681495157687886,82.37676130837478,0,0,0
48,1,18.984604825026565,1,17,0.43185263992376133,9.133134836021762,76.88989261819779,0,1,1
47,2,35.75123320361725,1,21,0.9685138325090247,9.205698277245796,68.2586835562369,0,1,1
33,4,77.81680699154836,0,36,0.6536974944079098,8.274777067720661,75.57551015775049,0,0,1
12,34,11.07506893194303,1,16,0.20917269820498072,7.955554995571598,73.55175353951924,0,0,0
15,23,98.49335995235074,1,43,0.9599713263594413,7.673657155999518,84.96042264850435,0,0,0
57,15,12.654943710135628,0,48,0.1666948803173804,9.400039478213431,71.54048776246897,0,0,1
47,27,89.80399986362788,0,34,0.28049768006073983,9.144133367025423,68.89279688670705,0,0,1
47,10,6.689739695319692,4,37,0.40361099209218343,7.69098206090089,69.80595749870051,0,0,1
4,27,112.24164986725575,2,15,0.667403304092191,7.418634176462141,89.93154134414749,0,0,0
49,26,73.72773058492353,4,27,0.7023414625757514,8.460384673403523,59.428720050915295,0,0,1
35,24,9.09064970908806,3,20,0.4488357083344926,7.917881066200702,82.9087501739974,0,0,1
21,11,40.08646398424556,1,29,0.37637896902422385,7.774065568115049,82.31834578767157,0,0,1
14,10,92.32459771112958,0,2,0.5881272984817645,6.984663316292368,83.85485485784109,0,0,0
2,14,92.01311743526749,3,38,0.2738195781285638,7.675868549607442,80.02554851465217,0,0,0
7,21,56.80741397649744,1,3,0.9479815801163675,7.786640192134954,79.59711805780918,0,0,0
3,6,63.73593979642006,0,36,0.7231924296012433,8.346506387297561,69.91322922438586,0,0,0
9,18,90.19996586430005,0,33,0.7805730106961024,9.579394592248448,66.34769295128312,0,0,0
32,1,55.9764050560161,4,7,0.1763128144412229,8.617339224343946,74.92340152932454,0,1,1
15,7,39.19513584784334,1,22,0.8158076541631877,8.478316691091727,69.43754754076014,0,0,0
45,22,31.742253136398325,3,7,0.9671319527268948,8.77304757549713,69.08848209811343,0,0,1
33,21,108.90922099474099,2,44,0.552819225296386,7.983740832737152,81.432351569138,0,0,1
13,28,13.755048841384522,0,49,0.5456318743125769,9.063466212936811,80.3456561353984,0,0,0
47,12,9.36787977833315,2,38,0.21233873257016347,8.467257292654892,78.36584715346733,0,0,1
40,19,62.000200901573415,1,41,0.46947050591628514,7.544778896616724,81.11441063153276,0,0,1
53,20,76.99629153279214,2,29,0.20115732445841167,7.596878775565235,79.91584561438864,0,0,1
53,13,97.62862254966748,0,38,0.5987688859043121,9.139910172914485,74.68759786361842,0,0,1
3,5,86.25947483433504,4,8,0.6717910120374889,8.509675848723026,70.94307376305686,0,0,0
16,16,92.33080017806583,1,24,0.799039501259663,7.789316352825781,79.26394160426088,0,0,0
56,23,10.808350124022752,0,27,0.33644884920517254,6.79575814192825,81.41355717168088,0,0,1
7,23,24.352037678386974,2,41,0.5940186684760645,8.101547342474417,78.74732360626479,0,0,0
30,27,44.31243783228059,4,11,0.8329481013418852,7.462532990604724,80.98462005467485,0,0,1
30,18,29.463601104981404,4,6,0.5532579441762413,8.885733066677405,61.155995601662156,0,0,1
10,35,98.3185830024434,1,44,0.5843089090358319,9.153064274554664,79.95373058012623,0,0,0
13,35,7.578977253636339,2,20,0.8053644259677127,6.89398054943519,86.20266795815517,0,0,0
12,22,50.37337986735791,0,29,0.351229719900074,8.237372041515735,84.71481766222243,0,0,0
13,10,22.98164628916063,4,34,0.5269914227324567,8.23036233862006,73.98055436995652,0,0,0
19,1,56.8035096906491,4,48,0.6602677261567707,6.541283448801235,75.75029910241874,0,1,1
58,19,62.860669736710086,0,4,0.715567392458327,8.083884183878812,83.74090865689574,0,0,1
19,12,86.13135283740843,4,48,0.7755386110697138,8.521924035853333,71.94047080036225,0,0,0
6,17,94.64614340975228,3,29,0.6433698597069308,8.88488359120216,69.39003680769221,0,0,0
22,29,117.70062826763395,0,28,0.9994026519851539,9.007627914183875,71.35685254199912,0,0,0
8,22,106.15417212185264,4,24,0.46817663377138863,7.120834957895118,77.98392904804979,0,0,0
13,17,104.06625389245228,2,29,0.8002416758348793,7.938679230982338,82.88860510408144,0,0,0
6,16,31.75321341447912,1,41,0.34705600615637044,7.4482535591734065,84.04695233346408,0,0,0
44,23,80.7460558180732,1,20,0.8388829155692268,8.754709326146747,87.04944660830559,0,0,1
28,31,80.45541207236678,2,4,0.6037801152745443,8.696461295665436,84.11977639044868,0,0,1
36,21,12.59636039954841,0,2,0.5300806194218223,8.484850553827092,77.56972708940957,0,0,1
13,17,6.336362089431573,1,29,0.45324420076601635,10.03613973113633,71.52066910996358,0,0,0
13,23,75.10756634054373,4,24,0.3275322454802805,8.491697472977252,72.11911698609156,0,0,0
5,18,86.0237592231562,0,48,0.41187175115744645,8.051735372454962,70.74988032796551,0,0,0
34,23,100.78691729103622,1,45,0.19685276628387297,7.8014052578430615,90.89391788306126,0,0,1
59,17,10.808359145712444,1,47,0.9324792534115313,7.470011807505277,88.41081388755201,0,0,1
45,28,108.06952239423157,0,49,0.4878472028664942,8.660200856627593,67.18810240085246,0,0,1
5,26,15.966505946395408,3,28,0.6638113177092344,7.296199652669984,78.13539557004377,0,0,0
57,17,112.83603076862728,2,46,0.9514680562619482,8.528263446373229,72.11716689254494,0,0,1
41,25,79.5934800284138,1,21,0.2405859118179598,9.415437256577368,82.42507139354255,0,0,1
6,18,65.91109304533433,1,35,0.5482816781599051,8.72565178794389,70.6037904164328,0,0,0
33,1,56.100502551211925,0,4,0.7524214719619955,9.269361808119081,67.88430592795288,0,1,1
43,17,62.08211842814218,4,42,0.4008195017352647,7.6239135082002045,84.2126021280626,0,0,1
9,15,51.342720557993566,1,26,0.7254559800122156,7.814090578684564,82.95440501677898,0,0,0
23,19,95.30591332434174,4,19,0.35006749848074104,7.546462192238247,74.65774224044476,0,0,0
14,15,50.454821274583146,3,39,0.24113143478512514,7.200070138910201,81.5387239227808,0,0,0
49,2,82.00430085540562,3,26,0.6761514014453495,9.115645641630085,66.21692014601598,0,1,1
33,30,79.72397350391779,1,9,0.9542311584322474,7.6378022762163,85.62304500315254,0,0,1
54,22,118.51650988127341,1,49,0.6570416464870904,9.082562183676302,72.44636575027765,0,0,1
21,19,101.13258135189841,2,32,0.8563984754914181,8.285710932408103,86.38258277390494,0,0,0
4,24,99.60064662907301,3,38,0.7007949093623234,8.919738730852949,70.08991181546196,0,0,0
7,1,47.95361354941458,4,41,0.20107390997009728,9.073024166702238,85.06528266893092,0,1,0
58,24,108.79139650343618,4,39,0.8688322553985455,7.664282332218805,83.96403919198495,0,0,1
14,33,54.56314872089453,2,40,0.27828596504826064,8.747643370687332,60.482599351192135,0,0,0
8,31,87.57163048460518,3,17,0.21827114456974162,8.068580250730477,75.14535971439116,0,0,0
4,19,97.90228332324473,1,12,0.8180322839727711,8.444878264187686,81.69300037522439,0,0,0
6,8,33.71182101880638,0,11,0.299088497637642,8.20924236731927,83.66923827123,0,0,0
29,24,110.89750249880399,2,19,0.8168835618785587,8.28464124859924,73.75116745175458,0,0,1
39,2,12.116855693254653,2,26,0.6094644818033486,7.520134043929946,84.91213280867555,0,1,1
10,29,10.02100680199598,0,5,0.10824899516543485,7.078221482908138,86.43437611601446,0,0,0
13,28,93.72388712982608,2,47,0.1949350847149321,9.390245438986481,85.39200993264615,0,0,0
39,4,44.93685948850837,3,23,0.9997424237403226,8.962199985893957,72.21044454809419,0,0,1
23,17,44.649863308354405,2,29,0.49528954112474566,7.248488272264751,84.7951007627797,0,0,1
33,7,79.73435099579612,4,47,0.8292332174655582,7.9177759138847215,75.45503431231907,0,0,1
57,23,118.79311333919708,4,42,0.14227569198832582,8.28509841334265,76.97532199385981,0,0,1
47,34,103.53606521816528,0,25,0.6238631180118012,8.990654806132394,75.55826428002389,0,0,1
2,29,83.04704501734496,1,10,0.6388231620871876,8.229610295657055,74.03401549196386,0,0,0
51,12,49.401803347089036,0,39,0.9148155777604574,8.940495933867517,70.88650240089703,0,0,1
26,20,57.02059942505237,3,16,0.17009109018216167,9.030027170723223,75.13252676057644,0,0,1
58,5,114.63138280311047,4,28,0.7423356328090365,9.067403453075263,79.08410246723251,0,0,1
6,13,115.57403398305475,2,18,0.4568983137909669,7.560581271995797,78.6861211797844,0,0,0
44,20,54.48517791343821,0,21,0.6237742617229589,9.220321774494362,70.73688010348805,0,0,1
36,4,40.84677375028226,1,3,0.26636900997297436,9.169233289997706,74.85684140594985,0,0,1
41,10,56.727458931009295,2,42,0.5451373474873829,8.649836577097881,76.55138155584561,0,0,1
6,17,119.50946198590215,4,4,0.9286222607007576,7.571075806908755,82.20318883927047,0,0,0
48,24,49.779824661690455,3,10,0.7162526474929041,7.4628285232140374,79.28056967337209,0,0,1
51,17,89.47646115896252,1,39,0.3932408058080048,7.70509874012629,90.20036758266727,0,0,1
10,15,99.48951229060368,3,36,0.7730547169708646,7.594682654009599,80.46308159126951,0,0,0
15,19,49.631354564578075,1,26,0.9320448544966475,8.638335104602177,74.07223971676127,0,0,0
17,34,14.398414760879499,1,0,0.4857674922734282,9.002128597506728,69.57992272720396,1,0,0
51,6,12.417587248954607,1,40,0.589626968765118,9.258744947892447,87.63679851204749,0,0,1
17,30,119.94913587380043,1,28,0.7373096514105628,8.811800283771237,81.58949989981357,0,0,0
1,4,30.96579849732235,1,36,0.9959598712142798,6.98944026147191,81.37137111631456,0,0,0
14,25,101.66941661891707,2,15,0.5035670569143397,9.37003392324758,69.81454933192481,0,0,0
19,35,6.313068097218467,1,32,0.9732313987534513,8.041063126659596,72.21485399596695,0,0,1
55,11,28.370655474900037,2,10,0.9268612395457396,8.48133693118353,78.84249028521951,0,0,1
57,29,112.05204778699297,0,0,0.21693693208213116,8.33480413107899,83.94814061652727,1,0,1
15,25,89.8015987007892,3,9,0.6075685828169527,8.019747042808666,75.03344731500539,0,0,0
3,18,109.9495780915577,3,47,0.9994152704249801,7.456831576532587,78.78299225771481,0,0,0
26,32,89.58488116626184,2,36,0.20204838599731528,7.801251150158561,92.04533374322205,0,0,1
1,1,74.69159067264934,0,25,0.19410657827890737,8.83734643329663,79.1749972106344,0,1,0
38,28,108.26255874602974,2,46,0.4283402231870188,7.540421338603155,93.82003686956179,0,0,1
6,2,71.2398180476509,2,3,0.10477000575784488,8.795604721848322,76.25705599323749,0,1,0
58,24,113.53313395438165,2,24,0.3893797079545067,7.793269272707174,87.3231859195148,0,0,1
1,25,51.21577119222505,1,7,0.7740668357743586,8.462716054547538,75.96592495251231,0,0,0
55,4,58.38742977001087,3,10,0.6910565362494472,9.125760995669754,68.31157164787592,0,0,1
15,35,101.12716693451787,3,29,0.287408627747393,9.176709731751217,70.92730608154453,0,0,0
10,24,22.825996752926773,4,3,0.7379193384155386,8.238707030524878,73.08704061109478,0,0,0
46,32,22.937799325377313,1,39,0.37326154432945624,7.858219120331697,82.49480611559039,0,0,1
2,22,82.36084433402327,4,7,0.3254211089132491,9.355789328565985,83.67352999216695,0,0,0
22,6,52.75271181841465,2,14,0.6016034526157072,8.847672099720654,72.68275891958875,0,0,1
19,26,63.89070170441731,2,19,0.6806555113685049,8.068168016191033,78.42654534369362,0,0,0
21,22,27.506953611459643,1,48,0.22362557137180683,7.901163407442071,85.71044962400187,0,0,1
3,9,20.827419455811555,2,34,0.9129012646102366,6.893383356998477,77.706947047354,0,0,0
21,4,105.94118155920187,1,22,0.2426032334709154,8.372711909815838,65.80145440564856,0,0,0
1,5,44.30899544525574,1,1,0.42675329097558146,8.392605145755445,79.64980403222327,0,0,0
45,7,6.097485602731064,4,3,0.4382672186637814,7.809924770472507,71.4913554753556,0,0,1
10,31,114.72513878067335,2,5,0.9300769979352262,7.932127381803669,82.79833044892978,0,0,0
